first_name,Salary,Age
Nev Ding,51302,25
Candida Harper,19925,37
Keslie Rennie,24911,41
Trescha Stowe,33799,40
De witt Devita,36856,44
Eydie Sherrin,53502,42
Biddie Balfe,44127,28
Romain O'Brogan,35337,39
Rhianna Boyer,48671,56
Zea Kiendl,45778,31
Maura Stiell,34108,49
Devin Turley,46921,29
Eadmund Kurth,25957,53
Curtice Poynter,57622,35
Estell Lange,31074,51
Belicia Whapham,37022,44
Sherlock Rustich,39001,32
Augie Elderidge,23002,42
Artus Nolton,34956,35
Benito Fairhead,18356,49
Dennie Batchellor,29360,21
Quint Sparshatt,43937,43
Ailey Chessor,24307,23
Basil Kordovani,46612,50
Vidovic Hynes,38080,29
Royce MacDonnell,48396,39
Jewel Eblein,20655,47
Missie Philippard,40614,23
Cory Iacomelli,33062,47
Laurene Rudwell,18297,28
Erich Sponer,41664,25
Oswell Connerly,48293,33
Cory Clemente,26636,44
Riva Vanelli,47136,44
Hilde Petow,35526,21
Nollie Philippou,56390,55
Moise Swaysland,36363,33
Cordelia Coupe,38794,55
Carmelita Itzkin,24461,47
Roobbie Dyzart,35434,43
Cami Pattison,20756,24
Jessalyn Shearsby,22640,35
Harbert Vockings,20733,30
Winfield Kingh,46467,34
Rufus Rollitt,55038,43
Kevyn Bossons,23248,55
Zachariah Strognell,43292,48
Konstantin Tourle,32451,52
Baxter Ling,40831,58
Barny Buesden,23619,35
Jade Grimm,47116,44
Katti Greatrex,30578,46
Noellyn Oliver-Paull,49743,35
Andreana Olivetti,52481,40
Iolande Truckell,24338,38
Shannon Davie,28791,22
Suzie Fernez,51131,42
Bram Agnew,35779,31
Gan Pymm,29907,40
Rafaelita Petzold,50201,48
Lida Gurley,22840,43
Odessa Corbitt,23943,50
Hubert Hablet,47992,50
Homere Ottewill,57176,21
Willie Uzzell,40603,56
Glynda Fantini,21832,57
Dugald Bithany,18520,27
Dennet Wincer,33061,48
Sloan Argont,34309,35
Lauraine Sansam,54786,24
Gabriello Fearnley,19937,57
Toddy Cowmeadow,42926,36
Kiah Judd,20735,37
Jeanie Borchardt,54119,40
Sissy Spare,34249,32
Dottie McFarlane,43226,29
Tymothy Pitrollo,22894,32
Barnie Barrow,36124,54
Hort Oddey,38997,43
Buddie Kos,47417,36
Morley Bewfield,34362,38
Augie Momery,28979,26
Lorelle Tomes,22978,51
Anny Stourton,47220,28
Marley Manketell,19190,56
Hyacinth Stillwell,42170,27
Pepito Goulden,55861,43
Floyd Kidds,31135,45
Rycca Fishbourne,40617,32
Libby Hosten,38163,54
Akim Schwandermann,37155,23
Ulick Besantie,36582,52
Jodie Brimilcombe,53304,40
Melisent Willingam,46091,23
Eleonora Isted,18216,40
Diann Botting,52608,45
Celinda Eady,55215,55
Beale Gathwaite,45804,57
Aloise Capini,20523,49
Yorgos Eynon,54169,48
Justinian Talks,39662,27
Vanya Workman,50355,55
Tremain Androsik,27500,39
Gusti Everill,52532,45
Brinn Goligher,30402,28
Mahala Bottom,38534,56
Allan Cochern,47621,35
Jessamine O'Harney,47049,30
Ileana McCumskay,56109,37
Sean Tidd,49581,47
Shermy Raubheim,24228,21
Star Tibbles,41696,27
Glennis Olyet,45931,29
Flor Sang,29826,42
Forster Rozycki,18978,44
Mellicent Armin,48636,40
Lulu Mateus,21975,21
Cart Sollett,56207,30
Nikolaus Brisard,45713,54
Carlen Waything,31369,27
Eimile Orrick,48993,35
Rickard Cruise,33230,47
Darcee Capon,49819,22
Jaclin Rops,51563,50
Andie Pellitt,23405,31
Arabele Dettmar,37303,28
Alfredo Beekman,22807,57
Cassius Wittke,24128,39
Marys Beadles,46020,30
Dianna Burfitt,55711,58
Lucio Rannie,56873,50
Dulciana Rouge,46211,46
Lena Ruberry,42935,29
Roseanne Burris,37533,45
Francis O'Driscoll,33532,41
Casi Barabich,40238,21
Hillard Barthrop,34354,50
Araldo Grogono,29382,21
Patrica Cotillard,20146,50
Ellissa Winkle,48824,49
Clark Hearst,24575,52
Waring Tupman,41617,38
Raven Gages,22683,38
Gwyneth Tolussi,54106,27
Emilio Grain,39701,31
Flss Eyrl,44434,54
Aida Moulsdall,18664,48
Emelia Fontin,41793,37
Aimil Sturdy,39355,57
Laura Keave,36460,40
Frannie Forestel,33183,34
Jacques Kevane,56435,21
Dacia Lambertson,46742,29
Mordecai Shafier,30318,23
Hershel Masic,30516,44
Gayel Sutlieff,53055,42
Grata Smithies,49135,42
Adler Hacking,47527,47
Kori Insko,56358,47
Ernst Copperwaite,48269,53
Juanita Barnhill,35088,30
Birgit Lyvon,29870,24
Letta Clogg,23960,21
Aldridge Leathes,22115,22
Lenette Jendrassik,30372,36
Briggs McNair,46350,38
Pegeen Rispin,36874,42
Ingunna Firmin,45906,30
Caril Denacamp,43507,21
Mirabella Ruddiforth,28694,53
Allan Rudeforth,21153,48
Faulkner Rylands,37164,49
Doroteya Crush,30137,34
Pebrook Fourcade,27897,23
Lacee Blackboro,57083,55
Harland Furtado,45049,32
Lamond Mabone,37109,23
Eachelle Rivalland,39714,47
Leilah Manderson,28535,29
Patrizia Traise,35403,34
Bertha Burland,54624,26
Jude Navarijo,31395,49
Agneta Dudmesh,42287,57
Penelopa Kenninghan,22252,44
Flint Ausiello,46921,32
Lewiss Wagg,57949,54
Alejoa ducarme,33193,21
Dannye Huncoot,25858,37
Joy Yelding,28397,21
Bab Meiklam,33098,40
Clerissa Gheraldi,41975,29
Odetta Gentner,52110,26
Trish Rizzardi,25511,38
Milena Cannan,33486,44
Seamus Pitblado,55711,37
Marta Pidduck,43200,39
Alec Oliver,19109,37
Cecilia Jaycock,41448,45
Gaultiero Heppner,50645,57
Sidney Reoch,43791,28
Tomaso Keyzor,52939,37
Elfrida Slocom,39568,37
Auria Cleverly,18478,40
Randie Ells,19661,47
Karisa Pandey,52295,24
Emmery Phillps,38281,38
Rahel Steger,26569,35
Antonietta Braferton,29385,53
Silva Kield,44569,37
Daisey Tibb,22730,39
Annie Ezzy,19023,44
Dickie Tregaskis,52841,42
Corrie Wheadon,49509,47
Haven Anglin,30607,28
Deeanne Harkin,43781,49
Celestia Bachs,52658,43
Marguerite Duchateau,46800,37
Karlotte Sandal,19264,44
Zonda Brugger,51771,54
Morrie Petrolli,53028,50
Sharline Bathoe,29848,21
Liliane Vischi,52190,58
Hal Flawn,57028,48
Tammie Scutter,56202,31
Wilfred Gowler,49591,35
Genna Lissemore,28213,28
Marcy Dwane,38084,47
Thacher Merrall,43531,52
Matthieu Hessentaler,22985,48
Elinore Redhills,23347,40
Ivory Tapscott,29586,22
Ambros Jamblin,21142,42
Cross Aguirrezabal,28949,21
Pearl Golder,53831,51
Irina Storr,57226,47
Darla Melloy,48010,53
Mollee McCartney,26729,31
Barri Glanister,32120,23
Elisha Stendell,42361,58
Virginia Albarez,31115,37
Mathilda Selbach,25536,27
Ciel Coveley,24344,46
Rupert Cudworth,23688,34
Krispin Oddey,19828,32
Kayla Moreno,52474,48
Tamarah Dewbury,42841,43
Even Sisley,57773,57
Lorita Attaway,31941,34
Dahlia Lilly,41921,42
Jeffrey Eagle,39204,31
Dorothee Jeffree,55039,23
Romona Sargison,40750,54
Devland Roast,48746,25
Rowen Teenan,30663,57
Linnet Nutton,32263,32
Gill Vanyushin,48126,24
Kenny Ayscough,27101,48
Glenda Bonhill,45570,38
Kaine Cavanagh,36909,30
Gabey MacGinney,56473,36
Bella Shilling,31608,36
Vivian Rentcome,25285,35
Adrian Frapwell,35711,35
Hyacinthia Hardes,55126,58
Morrie Spurge,23764,47
Broderic Vautrey,26041,58
Ruthanne Arnaez,39496,50
Jarrett Benard,18351,51
Alyce Foad,25629,50
Jens Brasse,24653,45
Gilbertina Behnecken,38282,56
Niko Monckman,35937,38
Cordi Cleugh,40175,45
Torrie Blackey,43682,55
Shari McGovern,20786,35
Donnajean Kerswill,22116,22
Wynnie McGenis,32587,29
Gerrard Suart,35030,54
Mathian Ramelot,27784,41
Diannne Kempston,30466,43
Stacy Malley,44218,23
Marjorie Brunton,28153,28
Bruce Lacroux,38888,37
Jerrome Hullins,44751,32
Malcolm Benini,57784,53
Reba Hatt,34817,57
Noak Ochterlony,26392,36
Cordie Sorrill,46550,41
Ken Pargent,25988,41
Brittne Simak,41516,42
Shelby Lodevick,32096,21
Jordain Alexsandrev,46666,25
Lisbeth Bollum,23109,41
Etty Pizey,26066,53
Gabriel Allibon,49084,24
Dallis Killen,36364,55
Liesa Rubel,18406,54
Rabi Eisenberg,55876,49
Karie July,24060,22
Devi Stallwood,38438,34
Catha Mauchline,47189,30
Wyndham Gayther,25240,54
Daniella Thominga,27144,33
Patrice De Witt,56073,43
Kilian Peaurt,35162,31
Krystal Basindale,54320,46
Allin MacAllaster,56407,43
Milicent Dinse,22304,58
Judith Linneman,45254,58
Chrissy Kirby,24939,32
Ingelbert Gillum,54062,28
Beau Harkins,43013,57
Trista Athelstan,22754,44
Sergio Brightie,38803,35
Genni Withull,53354,55
Miner Grasner,44377,46
Eileen Royste,33402,24
Bryn Mulvey,51435,38
Nickolai McKim,22074,31
Kiley Crosdill,20234,51
La verne Perry,51289,47
Phil Bousfield,41863,22
Helge Hugett,20085,24
Cody Cragg,47609,40
Tobe Keppy,35799,25
Karrah Spinney,25273,52
Craggie Cursons,22030,48
Amery Cowpe,50198,37
Leshia Huntingford,43373,48
Marvin Waterdrinker,55655,28
Noe Derges,38319,22
Diane-marie Paulitschke,25532,30
Feodor Moye,42237,56
Kurt Rootham,21690,25
Stanislas Ploughwright,46930,42
Jo-ann Rawstorne,55306,24
Nikolia Bester,39265,56
Durward Gaydon,21715,58
Aland Fewings,42456,53
Bard Tovey,52405,50
Lukas Bortol,44290,28
Justinn Dogg,27783,56
Ansell Macon,30251,39
Kenneth Vowles,52211,24
Frayda Balden,19870,48
Thain Ary,30474,25
Claudie Garstan,21744,38
Zackariah Yoxall,48280,21
Stesha Walden,53944,52
Beilul McGeachy,33559,43
Mikaela Cicutto,56894,42
Brendis Kondrachenko,26021,33
Glennis Peatman,39077,50
Jeremias Oldall,53962,39
Cobbie Shorto,42464,33
Bernice Causier,50412,37
Corrianne Gavan,22243,57
Iosep Sanpher,24411,37
Barty Selley,22562,26
Windy Roseaman,39766,44
Denney Concannon,34353,39
Gamaliel Chatan,18769,32
Alexio Ashbrook,33921,35
Malorie Petrichat,47935,25
Mallorie Wynch,32506,52
Kin Dunsmore,40218,21
Catha Polson,55153,54
Henri Inker,36335,31
Perla Tilbey,37109,45
Calypso Plose,49890,55
Marijo McDade,52467,26
Cyndi Magner,22396,32
Bethany Clague,50545,51
Frasco Galbraeth,37450,23
Ruthy Edser,23923,56
Maxie Kroger,39165,50
Kelbee McKeeman,54293,26
Liva Clatworthy,27108,49
Garner Yitzhakof,26455,37
Aprilette Snadden,57125,22
Marguerite Andri,46875,28
Garald Collibear,36884,57
Willa Iveans,32506,38
Carmen Bolsteridge,44337,43
Duff Cranstone,26756,29
Beverley Slimon,32373,26
Leonelle Muller,42234,40
Krishna Bampforth,26478,46
Myrtia Stanman,49541,53
Koenraad Di Biasi,41248,57
Rourke Martini,48670,32
Aurelia Valentin,39117,55
Lydon Gellion,32853,55
Bartholomeus Butrimovich,32488,24
Albina Truce,50427,56
Constancia Woofinden,32148,25
My Haggerstone,19738,47
Benjamen Sodory,18735,40
Shane McLugish,48856,28
Carver Windeatt,43931,54
Belia Wythe,25159,57
Damiano Elletson,46783,53
Nana Kohnemann,50284,32
Gabie Haldene,26476,47
Darbee Eaglestone,57523,56
Clerc Farrer,49169,30
Susana Swale,26753,37
Ruperta Grimsdyke,37620,49
Morissa Hull,32152,47
Avictor Jurkowski,22279,31
Joann Coburn,25481,28
Neille Dodamead,41178,39
Alfons Holsey,41456,24
Freddi Shiril,27302,51
Maryanna Andri,26798,32
Lindsy Ramplee,54592,32
Emmanuel Bryer,36700,55
Langsdon Riggoll,32034,26
Evered Simko,22574,34
Winn Hayle,57995,26
Humbert Mertgen,25705,28
Mildred Brett,56669,54
Fitz Hillaby,39119,56
Rosalyn Mathey,35444,32
Chilton Hearnah,31511,22
Brewster Maunder,40890,40
Wolfy Orable,53959,28
Laney Cranage,48726,58
Ethe Edards,34315,37
Ramon Wrightham,41204,26
Cary Brane,35186,45
Denice Bugdall,42511,27
Camille O'Cosgra,23748,44
Mada Mumm,24286,37
Onfroi Guiet,31108,53
Nerita Behrendsen,38256,58
Morganne Wevell,44721,32
Kearney Middlewick,21596,35
Cherida Hawton,24579,37
Claude Crosen,21363,22
Derron Ralestone,44849,40
Timothee Burnapp,34249,54
Dolph Luckhurst,57315,35
Mason McGowran,47851,22
Wainwright Handover,27477,25
Neysa Ritchie,39828,41
Fonzie Janiszewski,57284,32
Roanne Raisher,53575,33
Janek Sowman,40282,53
Kristan Rimes,18300,55
Jillane Halliday,53176,52
Kinna Castagnaro,36046,47
Adrian Sterte,37510,27
Renie Campsall,43810,25
Gertie Edgecumbe,48107,49
Culley Bardsley,18504,47
Merna Keane,57161,55
Price Mustill,52500,57
Portie Larwell,28304,33
Geordie Pomfrey,56534,51
Reilly Tamblingson,48973,51
Rudolfo Vahl,57371,29
Zena Batstone,50839,44
Alvira Hintze,46354,37
Aldridge Dadd,41309,39
Patton Ferraro,50059,58
Melany Wille,26862,31
Waldo Connachan,45568,52
Hedi Ratnege,38641,28
Wilfred Wilsee,42738,35
Sarette Niaves,32103,43
Pryce Drewell,51312,42
Murial Fallen,44477,57
Des Adrain,24389,58
Jenine Fookes,48590,39
Giuseppe Harryman,26598,27
Lilly Bontein,57412,43
Debor Osborn,51048,35
Osborne Sarge,51661,57
Bobine Nyles,26618,57
Sky Sager,37993,29
Andrus Rillett,22162,43
Lizabeth Quiddihy,24768,27
Rinaldo Le Breton,52398,22
Abie Marven,24236,42
Dwight Hyatt,19607,48
Hershel Poulter,39686,42
Veronike Franses,31532,46
Cordi Boothe,41735,41
Lemmy Van der Brug,21855,21
Clem Lardner,29035,55
Emmanuel McLeish,21735,23
Griffie Sharphurst,33365,32
Murray Schriren,31713,32
Efrem Meffen,37243,54
Mayor Spaice,33037,28
Orlan Jouhning,23830,26
Marielle Becconsall,40229,37
Cindelyn Sheran,35780,25
Paul Barbe,43572,46
Pippa Rao,50084,28
Trevar Whyard,52784,29
Donna Towers,51924,47
Gael Capnerhurst,28693,41
Hallsy Narbett,23375,58
Cybil Pischof,57275,43
Boycie Hourstan,20790,29
Joaquin Patridge,19564,31
Lorita Antonioni,42287,56
Rudyard Moylan,41838,31
Deirdre Dooly,52883,42
Wit Leare,28151,27
Mariejeanne Noraway,40599,52
Dora Littledyke,50181,51
Bernadine Dawes,49990,47
Arlie Lobell,18288,55
Weidar Twede,22767,46
Glad Ison,57155,29
Bern Pamphilon,23494,28
Berty O'Sesnane,34019,51
Debbi Gietz,34352,38
Buddy Ribey,19723,35
Bettine Costa,33326,36
Alvina Spindler,51055,38
Cherin Pontain,19567,29
Luise Lewnden,21460,23
Carolina Pilsworth,46474,55
Marie-jeanne McKibben,25450,21
Dolorita Nezey,36400,32
Borg Holtom,33643,32
Amery Audas,27425,34
Seline McPharlain,48205,51
Son Duffield,45613,40
Idalia Philipsen,51757,31
Osbourne Gretton,18156,30
Ferrell Slaight,38440,33
Tessi Emslie,37647,56
Zahara Baudone,37429,56
Raimondo Wills,33784,45
Netty Giblett,32074,56
Hugues Mabbitt,51543,47
Jeana Waltho,19915,29
Jasper Hampshire,52258,45
Ivor O'Grogane,30935,47
Antony Skates,18570,46
Andrea Kirkman,21501,22
Chantalle Sweetlove,36632,39
Auria Crombie,20173,33
Jone Bustin,22252,27
Edouard Yaldren,39152,44
Huntley Mapledoore,51852,38
Elfreda Vassel,38381,51
Archambault Fawlks,19433,23
Kennith Niese,56066,54
Reidar Huckabe,22023,47
Estelle Judge,31858,33
Ford Valenta,56348,47
Seka Deluca,44573,58
Ebony Balls,53727,38
Cooper Freddi,27675,42
Arluene Richly,31189,54
Meggie Larwood,26067,36
Neal Foro,23122,32
Brannon Medgwick,51759,38
Tait Jillett,21100,55
Elwyn Sodo,26459,22
Aldon Tullett,36186,53
Kiley Manterfield,40367,29
Joey Rohlfing,31366,40
Zachariah Mattiacci,27672,41
Kerr Wile,38136,50
Micah McPike,30864,41
Huey Sapsforde,49283,30
Jermain Gilbertson,51044,48
Ella Summerlie,31109,24
Gertruda Teaze,31114,36
Sigismondo Doleman,31879,37
Laurette Frankham,30940,28
Preston Tschiersch,26795,31
Benny Gristock,22837,39
Stephana Coultas,49840,41
Reine Upsale,33947,36
Patton Chawkley,48774,55
Lisabeth Sherar,21817,55
Jakie Parncutt,27298,57
Stan Grafton,20861,37
Danya Jewis,22712,42
Lowrance Shakelade,44955,56
Ben Grange,55560,50
Oona Mayers,50703,46
Kalindi Marton,45906,22
Shelli Phizackerly,22653,35
Virgie Lexa,50341,52
Robbie Coda,48521,27
Britteny Capoun,47265,27
Rainer Spelman,57261,25
Chancey Wedderburn,38650,58
Reggis Bloan,54695,31
Theobald Harriday,55526,27
Zsa zsa Willshee,55612,29
Evyn Unwin,23341,54
Alberto Trelease,38415,36
Joli Baber,48937,38
Cori Rawcliff,51471,32
Angel Gatch,25073,21
Brendan Dyzart,28703,47
Tiffy Worton,26895,39
Allyn Matyashev,54113,51
Dominique Schiefersten,49240,35
Benjamen Hulburd,26015,40
Gail Hubert,53601,36
Alick Waren,55915,36
Gigi Rapkins,49611,35
Shaun Follan,51241,33
Justis Allsupp,57833,30
Nichols Wardle,31975,42
Gwynne Karpinski,48568,27
Hestia Bertomier,42396,49
Guglielma Lange,52258,43
Kinny Bielfeld,33387,24
Booth Geary,27751,33
Carlen Boler,19432,41
Lambert Mayoral,36314,53
Annette Burrus,25053,53
Geoffry Eallis,32401,32
Maia Arrington,50590,52
Marquita Jones,29119,26
Tabatha O'Rudden,49716,32
Domini Bartrop,21096,38
Charmion Male,41891,30
Moore Burford,37522,51
Matias Shetliff,27383,47
Claretta Sparrowhawk,43761,26
Leonora Letterese,51091,22
Dena MacColgan,34350,39
Cary Shimwell,53834,43
Jervis Arnson,45156,40
Winifred Ibbetson,26600,29
Moise Jorcke,27375,49
Pepillo Geaney,48613,34
Amelina Guiett,45984,39
Merrick Vallens,18704,47
Terry Maingot,26962,32
Chanda Copelli,22228,41
Sher Rosenhaupt,24729,42
Lorenzo Bernardo,29727,37
Sydney Woolgar,57909,31
Robinette Fardoe,20898,46
Irwin O'Doherty,56160,25
Michelina Petrello,18287,41
Weidar Bosche,18191,46
Elenore Jelley,31252,40
Roley Ferie,31860,37
Armin Caisley,42022,32
Emmey Frogley,53432,34
Keelby Tallboy,41932,46
Gaylene Olifard,47410,55
Elaine Treske,24989,37
Caren Tongs,37422,30
Eyde Habbin,49791,48
Karin Palatini,39059,41
Phebe Martygin,27713,49
Kelsey Arangy,32005,50
Tamera Ruddy,22374,51
Melessa Paye,23587,33
Callean Petrelluzzi,52331,23
Trumann Cavie,25816,53
Luciano Bastock,33978,55
Marge Hailes,51610,49
Laurens Nesby,53653,22
York Esser,19376,32
Margo Parmeter,44008,54
Belvia Domniney,22417,35
Allard MacPaden,22363,45
Mill Lonie,51512,51
Sarette Pettigrew,45814,51
Clayborn Labdon,27949,53
Minetta Springtorpe,53477,57
Oliy Planks,49608,56
Kally Turrill,30187,42
Hildagarde Patshull,56844,21
Malvin Giral,51491,52
Orville Ramsell,57972,28
Lucio Garrow,56387,37
Loren Lisle,38654,49
Rayshell Calafato,31501,54
Waverly McCrackem,38103,39
Malissa oldey,23135,23
Justis Buie,18907,50
Josefina Schmuhl,18468,44
Jania Buckston,23932,23
Allie Meighan,39333,24
Selia Skeels,28916,49
Reine MacGilfoyle,25642,49
Sibyl Barnet,23113,37
Mommy Gaitone,31498,55
Evvy Coverly,45148,54
Dicky Choules,41747,24
Lilias Swainson,45873,33
Mari Sapshed,48140,50
Rafe Klimpke,34128,38
Emmit Musgrove,47803,36
Emmeline Jozaitis,23124,32
Electra Stegel,34637,48
Carla Gottschalk,25122,33
Jeni Bramley,35960,41
Brittany Cartmell,53802,41
Lillis Lamers,55641,30
Eveline MacKain,45838,52
Winslow O'Hanlon,24322,44
Hestia O'Ferris,42527,26
Tyrus Christoffels,20583,53
Kristal Spargo,39134,38
Diahann Chansonne,33923,51
Derwin Seegar,18699,32
Arley Antonoczyk,28731,45
Freddy Janaszkiewicz,57922,43
Nestor Tidcomb,35909,26
Sharla Sheriff,32427,27
Morgana Penhaligon,35335,54
Art Gammie,29930,37
Cornall Horley,30730,38
Pris Compston,24283,47
Jacinthe Joesbury,32081,38
Emlynne Zuanazzi,18074,51
Mira Josephov,23252,58
Olimpia Doud,33273,51
Goldy Edgington,57314,27
Akim Staples,27871,22
Gustavo Karpmann,32073,22
Evangelin Renols,54555,45
Fanchette Bruins,49756,57
Kora Berkowitz,48570,29
Leonanie Korda,41014,21
Karlotte Peret,28006,22
Kristina Sambrok,24236,49
Margi Maffioni,52359,49
Collie Semon,45974,29
Misti Gumme,32773,35
Alis Bartleman,21089,40
Brigida Cato,27718,48
Emlynne Jeanneau,40300,54
Carmine Kilgallen,54714,31
Barty Etherington,44944,32
Pammi Rijkeseis,20295,24
Ermina O'Canavan,28189,47
Ardelle Beddingham,24588,25
Ramon Mellodey,39077,21
Nessy Tredger,36382,47
Moss Ekell,26902,29
Yoshi Augustine,46190,46
Kirsten Bagworth,51670,38
Haily Shuttell,33457,55
Erick Blade,47598,41
Gerrie Pringer,28209,30
Cathrin Perchard,33055,58
Pollyanna Tarbett,54092,47
Hirsch Swansborough,21065,34
Timothy Bergeau,23177,47
Denney Armal,42227,27
Hardy Yukhin,31762,36
Gina Loft,37153,58
Analiese Osgodby,36114,56
Jacquelin Cyseley,21128,25
Nola Tinton,20925,39
Ab Souttar,42424,58
Wilhelmina Fowley,39494,35
Marcy Evert,30595,24
Lynne Wymer,41366,23
Evie Faye,22376,43
Viole Trencher,44825,23
Lawton Blevin,48295,52
Bone Lapides,41885,37
Krysta Layburn,45993,24
Karlen Greeveson,27602,41
Dayle Buddock,46037,29
Debbi Chater,19837,25
Gene Gallimore,54773,24
Kenn Lean,44533,56
Lodovico Kynston,53878,23
Arel Hearon,40487,48
Bernadina Macrow,24151,21
Pat Mapledoore,40442,37
Zacharie Yurkevich,28719,41
Derby Wessell,42146,37
Odell Yanshin,36182,49
Marissa Peperell,18733,55
Lillian McCarle,55498,43
Shelia Chaloner,52651,49
Robena Milesop,30402,43
Lanni Matzke,41437,21
Winnifred Allsup,27184,27
Sherlocke Hitzmann,34641,54
Jennica Whitsey,25279,54
Kimberli Juliano,39882,56
Irvin Halegarth,32865,30
Ortensia McCullouch,33834,39
Udell Coker,56297,46
Clint Battrick,36023,51
Kenon Thurske,32050,28
Genovera Hessay,44073,54
Hanan Guiel,40904,50
Lil Puddin,44827,30
Nicoline Fattorini,19714,46
Allin Fothergill,57862,39
Kilian McClenaghan,30439,49
Eolande Thexton,43729,36
Skip Buckthorpe,55543,42
Lauren Biddlecombe,27050,28
Dru Enders,28255,52
Gard Hilldrop,50830,34
Priscilla Shemming,46792,49
Dianna Mandres,51746,49
Holly Petasch,42670,28
Greg Denney,37146,46
Malena Laden,46076,46
Crichton Stienham,20074,54
Addie Persehouse,37037,41
Tobit Suatt,24122,32
Bendick Ingman,40699,49
Carl Ormston,31477,38
Magdalen Henrot,27941,50
Yard Jasper,53842,23
Holden Ollet,37263,25
Binky Dunphy,27049,24
Norman Hadny,45697,46
Leland Michael,21132,28
Shirleen Cumbes,20280,28
Drusilla Couves,40356,48
Maxim Eric,39432,37
Maddie Yitzhakof,47513,24
Haven Dossett,40187,57
Silvia Leveridge,54910,22
Thom Furzey,25644,42
Ambros Grummitt,24680,57
Yoko Gloster,54593,32
Judi Lidyard,33123,56
Loni Gooderick,35027,53
Lynsey Brotherhead,44190,58
Yehudit Killby,25605,25
Adrian Wernher,43175,48
Farr Lafoy,24404,56
Wilt Burge,29035,48
Rickie Winnett,38648,43
Kayle Hallagan,46919,45
Sheila-kathryn Langridge,35677,27
Sherie Kidney,29466,39
Xylina Zorener,18000,43
Lynnea Ickovici,44581,48
Jackson Yurocjkin,41856,25
Art Avramov,37278,41
Gladys Grigoroni,43726,29
Riccardo Stoneman,32277,28
Christina Krysiak,43557,34
Lewiss Newcomb,37370,38
Amie Kopfer,18802,40
Rae Tappington,31557,28
Flem Stapford,37787,47
Melisenda Perl,49634,32
Gussy Kibbey,50590,30
Reuven De Gregario,23390,36
Kacy McGiffin,36686,53
Ines Davidow,31019,30
Yelena Edwick,30389,35
Byran Burnhams,45252,35
Nana Cully,41566,41
Darline Laverty,39234,55
Keslie Jelks,55234,56
Claiborne Domotor,41593,56
Kelsey Friese,25643,56
Vinnie Camble,38987,30
Lidia Jovic,19484,57
Vivianna Frow,32365,31
Renault Lowmass,53668,58
Marilee Bliven,19052,47
Ingrid Showte,52977,39
Ancell Mariaud,44311,58
Deny Volante,36929,42
Pet Heintz,21110,50
Erika Alvarado,25078,26
Rafa MacKellen,30490,51
Rufus Steinson,36103,58
Ashia Dudbridge,22915,56
Kearney Butterly,50460,26
Gusella Shaw,36315,28
Georgiana Logesdale,48808,27
Melvyn Postlewhite,34088,29
Roldan Storer,19343,54
Tulley Van der Spohr,53189,35
Quillan Chisnell,51426,49
Coleen Fyldes,56346,22
Lilian Coatham,47676,45
Fancy Niesing,51931,30
Binky Brahms,52126,29
Fidelity Merit,46463,43
Cathe Yosifov,40912,36
Deanne Ismail,52067,36
Lissie Nornasell,39647,58
Dorie Bruyns,54751,46
Joye Claricoats,23096,21
Roselin Cranage,20234,28
Hobart Zoren,26536,43
Sadie Verillo,44764,44
Lissy Offin,26061,46
Dianemarie Dahlman,51510,52
Cherrita Bertram,44945,52
Cheslie McDougal,51170,31
Doloritas Pirozzi,57882,32
Colby Pallent,18748,39
Trude Sharrocks,42327,52
Hadley Persse,35437,43
Beatrix Snel,22323,56
Dallas Attwell,57686,47
Guido Stonelake,45256,33
Deana Stears,35262,35
Staffard Benedito,29787,47
Hermon Lobbe,40248,23
Bogart Waugh,53823,27
Niels Leftwich,26899,52
Pearle Clunie,18547,38
Una Bloxham,30095,42
Elvera Olivia,46986,48
Vanya Kirrens,34430,28
Rosabel Elgey,54322,53
Ivette Axon,54549,56
Bobina Cool,26854,43
Amerigo Dymock,28662,39
Olia Bartolommeo,39739,25
Kaleb Janson,22438,57
Jilleen Robbie,54609,26
Rafaelia Fold,41853,53
Flora Folder,48722,25
Tonie Wrench,43338,26
Fayth Tacker,37982,25
Hartwell Toffolo,38388,54
Robinet Willden,47605,46
Rozele Mordon,23117,23
Adan Baston,44601,52
Daune Alaway,46164,37
Kane Normanville,57700,44
Patrick Wittman,47143,55
Suzanna Arpur,53987,48
Anna-diane Huitson,25469,38
Gilburt Wildt,29961,49
Aluin Curman,36992,40
Sherlocke Bolzen,42341,53
Gannon Gentsch,41293,29
Eyde Marchington,48275,31
Joelly Yukhnevich,53830,23
Kaela Bellson,41966,54
Marjy Ellesworthe,30596,55
Brita Gosalvez,46961,51
Charissa Biagi,50309,41
Eugenia Imesson,35577,25
Trey Blemings,49433,52
Lorens Jahns,41683,39
Vivien Crang,38959,48
Hobart McCorry,56898,35
Kristi Sprott,50097,39
Suzi Laba,45835,48
Klement Merrikin,26097,56
Elysee Bohlmann,28870,46
Misha Hallgath,47997,38
Rice Goodlad,23644,52
Tiphany McCague,30163,39
Berry Gerriets,23189,44
Shani Gilbart,23071,48
Eugenius Dahler,25539,51
Jeanie Klazenga,31392,41
Gerri Quinton,54542,38
Jacynth Jachimak,35805,39
Morie Shuard,56664,26
Bobbye Exter,23885,53
Briano Sutterby,40233,37
Cristian Lattos,23602,31
Stephanie Badman,46148,23
Daloris Boyne,32560,22
Jamaal Samples,44663,23
Wadsworth Headland,52293,46
Nicholas MacQuist,48630,50
Ethelind Aspinal,44997,33
Mildrid Probat,26673,33
Daffy Rennard,50944,55
Leeann Alvar,21018,58
Horten Duffin,38739,25
Sylvester Schimaschke,18851,42
Saundra Treverton,21894,50
Harmonia MacSkeaghan,33268,31
Mehetabel Kirwin,25700,36
Lida Ferrettino,23743,58
Emalia Wildgoose,27451,42
Amandy Haggar,32181,49
Ann Lassen,39191,56
Candie Troth,51116,28
Shelba Caudray,35665,58
Paddie Szachniewicz,40415,54
Mariejeanne Whatford,48930,46
Fred Fasler,31255,36
Daffie Wildbore,30981,21
Helena Yuryichev,55013,43
